FulfillmentID,SalesOrderID,ShipmentID,Status
"FUL-1","SO-9001","SHP-1","Fulfilled"
"FUL-2","SO-9002","SHP-2","Fulfilled"
"FUL-3","SO-9003","SHP-3","Fulfilled"
"FUL-4","SO-9004","SHP-4","Fulfilled"
"FUL-5","SO-9005","SHP-5","Fulfilled"
"FUL-6","SO-9006","SHP-6","Fulfilled"
"FUL-7","SO-9007","SHP-7","Fulfilled"
"FUL-8","SO-9008","SHP-8","Fulfilled"
"FUL-9","SO-9009","SHP-9","Fulfilled"
"FUL-10","SO-9010","SHP-10","Fulfilled"
"FUL-11","SO-9011","SHP-11","Fulfilled"
"FUL-12","SO-9012","SHP-12","Fulfilled"
"FUL-13","SO-9013","SHP-13","Fulfilled"
"FUL-14","SO-9014","SHP-14","Fulfilled"
"FUL-15","SO-9015","SHP-15","Fulfilled"
"FUL-16","SO-9016","SHP-16","Fulfilled"
"FUL-17","SO-9017","SHP-17","Fulfilled"
"FUL-18","SO-9018","SHP-18","Fulfilled"
"FUL-19","SO-9019","SHP-19","Fulfilled"
"FUL-20","SO-9020","SHP-20","Fulfilled"
"FUL-21","SO-9021","SHP-21","Fulfilled"
"FUL-22","SO-9022","SHP-22","Fulfilled"
"FUL-23","SO-9023","SHP-23","Fulfilled"
"FUL-24","SO-9024","SHP-24","Fulfilled"
"FUL-25","SO-9025","SHP-25","Fulfilled"
"FUL-26","SO-9026","SHP-26","Fulfilled"
"FUL-27","SO-9027","SHP-27","Fulfilled"
"FUL-28","SO-9028","SHP-28","Fulfilled"
"FUL-29","SO-9029","SHP-29","Fulfilled"
"FUL-30","SO-9030","SHP-30","Fulfilled"
"FUL-31","SO-9031","SHP-31","Fulfilled"
"FUL-32","SO-9032","SHP-32","Fulfilled"
"FUL-33","SO-9033","SHP-33","Fulfilled"
"FUL-34","SO-9034","SHP-34","Fulfilled"
"FUL-35","SO-9035","SHP-35","Fulfilled"
"FUL-36","SO-9036","SHP-36","Fulfilled"
"FUL-37","SO-9037","SHP-37","Fulfilled"
"FUL-38","SO-9038","SHP-38","Fulfilled"
"FUL-39","SO-9039","SHP-39","Fulfilled"
"FUL-40","SO-9040","SHP-40","Fulfilled"
"FUL-41","SO-9041","SHP-41","Fulfilled"
"FUL-42","SO-9042","SHP-42","Fulfilled"
"FUL-43","SO-9043","SHP-43","Fulfilled"
"FUL-44","SO-9044","SHP-44","Fulfilled"
"FUL-45","SO-9045","SHP-45","Fulfilled"
"FUL-46","SO-9046","SHP-46","Fulfilled"
"FUL-47","SO-9047","SHP-47","Fulfilled"
"FUL-48","SO-9048","SHP-48","Fulfilled"
"FUL-49","SO-9049","SHP-49","Fulfilled"
"FUL-50","SO-9050","SHP-50","Fulfilled"
"FUL-51","SO-9051","SHP-51","Fulfilled"
"FUL-52","SO-9052","SHP-52","Fulfilled"
"FUL-53","SO-9053","SHP-53","Fulfilled"
"FUL-54","SO-9054","SHP-54","Fulfilled"
"FUL-55","SO-9055","SHP-55","Fulfilled"
"FUL-56","SO-9056","SHP-56","Fulfilled"
"FUL-57","SO-9057","SHP-57","Fulfilled"
"FUL-58","SO-9058","SHP-58","Fulfilled"
"FUL-59","SO-9059","SHP-59","Fulfilled"
"FUL-60","SO-9060","SHP-60","Fulfilled"
"FUL-61","SO-9061","SHP-61","Fulfilled"
"FUL-62","SO-9062","SHP-62","Fulfilled"
"FUL-63","SO-9063","SHP-63","Fulfilled"
"FUL-64","SO-9064","SHP-64","Fulfilled"
"FUL-65","SO-9065","SHP-65","Fulfilled"
"FUL-66","SO-9066","SHP-66","Fulfilled"
"FUL-67","SO-9067","SHP-67","Fulfilled"
"FUL-68","SO-9068","SHP-68","Fulfilled"
"FUL-69","SO-9069","SHP-69","Fulfilled"
"FUL-70","SO-9070","SHP-70","Fulfilled"
"FUL-71","SO-9071","SHP-71","Fulfilled"
"FUL-72","SO-9072","SHP-72","Fulfilled"
"FUL-73","SO-9073","SHP-73","Fulfilled"
"FUL-74","SO-9074","SHP-74","Fulfilled"
"FUL-75","SO-9075","SHP-75","Fulfilled"
"FUL-76","SO-9076","SHP-76","Fulfilled"
"FUL-77","SO-9077","SHP-77","Fulfilled"
"FUL-78","SO-9078","SHP-78","Fulfilled"
"FUL-79","SO-9079","SHP-79","Fulfilled"
"FUL-80","SO-9080","SHP-80","Fulfilled"
"FUL-81","SO-9081","SHP-81","Fulfilled"
"FUL-82","SO-9082","SHP-82","Fulfilled"
"FUL-83","SO-9083","SHP-83","Fulfilled"
"FUL-84","SO-9084","SHP-84","Fulfilled"
"FUL-85","SO-9085","SHP-85","Fulfilled"
"FUL-86","SO-9086","SHP-86","Fulfilled"
"FUL-87","SO-9087","SHP-87","Fulfilled"
"FUL-88","SO-9088","SHP-88","Fulfilled"
"FUL-89","SO-9089","SHP-89","Fulfilled"
"FUL-90","SO-9090","SHP-90","Fulfilled"
"FUL-91","SO-9091","SHP-91","Fulfilled"
"FUL-92","SO-9092","SHP-92","Fulfilled"
"FUL-93","SO-9093","SHP-93","Fulfilled"
"FUL-94","SO-9094","SHP-94","Fulfilled"
"FUL-95","SO-9095","SHP-95","Fulfilled"
"FUL-96","SO-9096","SHP-96","Fulfilled"
"FUL-97","SO-9097","SHP-97","Fulfilled"
"FUL-98","SO-9098","SHP-98","Fulfilled"
"FUL-99","SO-9099","SHP-99","Fulfilled"
"FUL-100","SO-9100","SHP-100","Fulfilled"
"FUL-101","SO-9101","SHP-101","Fulfilled"
"FUL-102","SO-9102","SHP-102","Fulfilled"
"FUL-103","SO-9103","SHP-103","Fulfilled"
"FUL-104","SO-9104","SHP-104","Fulfilled"
"FUL-105","SO-9105","SHP-105","Fulfilled"
"FUL-106","SO-9106","SHP-106","Fulfilled"
"FUL-107","SO-9107","SHP-107","Fulfilled"
"FUL-108","SO-9108","SHP-108","Fulfilled"
"FUL-109","SO-9109","SHP-109","Fulfilled"
"FUL-110","SO-9110","SHP-110","Fulfilled"
"FUL-111","SO-9111","SHP-111","Fulfilled"
"FUL-112","SO-9112","SHP-112","Fulfilled"
"FUL-113","SO-9113","SHP-113","Fulfilled"
"FUL-114","SO-9114","SHP-114","Fulfilled"
"FUL-115","SO-9115","SHP-115","Fulfilled"
"FUL-116","SO-9116","SHP-116","Fulfilled"
"FUL-117","SO-9117","SHP-117","Fulfilled"
"FUL-118","SO-9118","SHP-118","Fulfilled"
"FUL-119","SO-9119","SHP-119","Fulfilled"
"FUL-120","SO-9120","SHP-120","Fulfilled"
"FUL-121","SO-9121","SHP-121","Fulfilled"
"FUL-122","SO-9122","SHP-122","Fulfilled"
"FUL-123","SO-9123","SHP-123","Fulfilled"
"FUL-124","SO-9124","SHP-124","Fulfilled"
"FUL-125","SO-9125","SHP-125","Fulfilled"
"FUL-126","SO-9126","SHP-126","Fulfilled"
"FUL-127","SO-9127","SHP-127","Fulfilled"
"FUL-128","SO-9128","SHP-128","Fulfilled"
"FUL-129","SO-9129","SHP-129","Fulfilled"
"FUL-130","SO-9130","SHP-130","Fulfilled"
"FUL-131","SO-9131","SHP-131","Fulfilled"
"FUL-132","SO-9132","SHP-132","Fulfilled"
"FUL-133","SO-9133","SHP-133","Fulfilled"
"FUL-134","SO-9134","SHP-134","Fulfilled"
"FUL-135","SO-9135","SHP-135","Fulfilled"
"FUL-136","SO-9136","SHP-136","Fulfilled"
"FUL-137","SO-9137","SHP-137","Fulfilled"
"FUL-138","SO-9138","SHP-138","Fulfilled"
"FUL-139","SO-9139","SHP-139","Fulfilled"
"FUL-140","SO-9140","SHP-140","Fulfilled"
"FUL-141","SO-9141","SHP-141","Fulfilled"
"FUL-142","SO-9142","SHP-142","Fulfilled"
"FUL-143","SO-9143","SHP-143","Fulfilled"
"FUL-144","SO-9144","SHP-144","Fulfilled"
"FUL-145","SO-9145","SHP-145","Fulfilled"
"FUL-146","SO-9146","SHP-146","Fulfilled"
"FUL-147","SO-9147","SHP-147","Fulfilled"
"FUL-148","SO-9148","SHP-148","Fulfilled"
"FUL-149","SO-9149","SHP-149","Fulfilled"
"FUL-150","SO-9150","SHP-150","Fulfilled"
"FUL-151","SO-9151","SHP-151","Fulfilled"
"FUL-152","SO-9152","SHP-152","Fulfilled"
"FUL-153","SO-9153","SHP-153","Fulfilled"
"FUL-154","SO-9154","SHP-154","Fulfilled"
"FUL-155","SO-9155","SHP-155","Fulfilled"
"FUL-156","SO-9156","SHP-156","Fulfilled"
"FUL-157","SO-9157","SHP-157","Fulfilled"
"FUL-158","SO-9158","SHP-158","Fulfilled"
"FUL-159","SO-9159","SHP-159","Fulfilled"
"FUL-160","SO-9160","SHP-160","Fulfilled"
"FUL-161","SO-9161","SHP-161","Fulfilled"
"FUL-162","SO-9162","SHP-162","Fulfilled"
"FUL-163","SO-9163","SHP-163","Fulfilled"
"FUL-164","SO-9164","SHP-164","Fulfilled"
"FUL-165","SO-9165","SHP-165","Fulfilled"
"FUL-166","SO-9166","SHP-166","Fulfilled"
"FUL-167","SO-9167","SHP-167","Fulfilled"
"FUL-168","SO-9168","SHP-168","Fulfilled"
"FUL-169","SO-9169","SHP-169","Fulfilled"
"FUL-170","SO-9170","SHP-170","Fulfilled"
"FUL-171","SO-9171","SHP-171","Fulfilled"
"FUL-172","SO-9172","SHP-172","Fulfilled"
"FUL-173","SO-9173","SHP-173","Fulfilled"
"FUL-174","SO-9174","SHP-174","Fulfilled"
"FUL-175","SO-9175","SHP-175","Fulfilled"
"FUL-176","SO-9176","SHP-176","Fulfilled"
"FUL-177","SO-9177","SHP-177","Fulfilled"
"FUL-178","SO-9178","SHP-178","Fulfilled"
"FUL-179","SO-9179","SHP-179","Fulfilled"
"FUL-180","SO-9180","SHP-180","Fulfilled"
"FUL-181","SO-9181","SHP-181","Fulfilled"
"FUL-182","SO-9182","SHP-182","Fulfilled"
"FUL-183","SO-9183","SHP-183","Fulfilled"
"FUL-184","SO-9184","SHP-184","Fulfilled"
"FUL-185","SO-9185","SHP-185","Fulfilled"
"FUL-186","SO-9186","SHP-186","Fulfilled"
"FUL-187","SO-9187","SHP-187","Fulfilled"
"FUL-188","SO-9188","SHP-188","Fulfilled"
"FUL-189","SO-9189","SHP-189","Fulfilled"
"FUL-190","SO-9190","SHP-190","Fulfilled"
"FUL-191","SO-9191","SHP-191","Fulfilled"
"FUL-192","SO-9192","SHP-192","Fulfilled"
"FUL-193","SO-9193","SHP-193","Fulfilled"
"FUL-194","SO-9194","SHP-194","Fulfilled"
"FUL-195","SO-9195","SHP-195","Fulfilled"
"FUL-196","SO-9196","SHP-196","Fulfilled"
"FUL-197","SO-9197","SHP-197","Fulfilled"
"FUL-198","SO-9198","SHP-198","Fulfilled"
"FUL-199","SO-9199","SHP-199","Fulfilled"
"FUL-200","SO-9200","SHP-200","Fulfilled"
"FUL-201","SO-9201","SHP-201","Fulfilled"
"FUL-202","SO-9202","SHP-202","Fulfilled"
"FUL-203","SO-9203","SHP-203","Fulfilled"
"FUL-204","SO-9204","SHP-204","Fulfilled"
"FUL-205","SO-9205","SHP-205","Fulfilled"
"FUL-206","SO-9206","SHP-206","Fulfilled"
"FUL-207","SO-9207","SHP-207","Fulfilled"
"FUL-208","SO-9208","SHP-208","Fulfilled"
"FUL-209","SO-9209","SHP-209","Fulfilled"
"FUL-210","SO-9210","SHP-210","Fulfilled"
"FUL-211","SO-9211","SHP-211","Fulfilled"
"FUL-212","SO-9212","SHP-212","Fulfilled"
"FUL-213","SO-9213","SHP-213","Fulfilled"
"FUL-214","SO-9214","SHP-214","Fulfilled"
"FUL-215","SO-9215","SHP-215","Fulfilled"
"FUL-216","SO-9216","SHP-216","Fulfilled"
"FUL-217","SO-9217","SHP-217","Fulfilled"
"FUL-218","SO-9218","SHP-218","Fulfilled"
"FUL-219","SO-9219","SHP-219","Fulfilled"
"FUL-220","SO-9220","SHP-220","Fulfilled"
"FUL-221","SO-9221","SHP-221","Fulfilled"
"FUL-222","SO-9222","SHP-222","Fulfilled"
"FUL-223","SO-9223","SHP-223","Fulfilled"
"FUL-224","SO-9224","SHP-224","Fulfilled"
"FUL-225","SO-9225","SHP-225","Fulfilled"
"FUL-226","SO-9226","SHP-226","Fulfilled"
"FUL-227","SO-9227","SHP-227","Fulfilled"
"FUL-228","SO-9228","SHP-228","Fulfilled"
"FUL-229","SO-9229","SHP-229","Fulfilled"
"FUL-230","SO-9230","SHP-230","Fulfilled"
"FUL-231","SO-9231","SHP-231","Fulfilled"
"FUL-232","SO-9232","SHP-232","Fulfilled"
"FUL-233","SO-9233","SHP-233","Fulfilled"
"FUL-234","SO-9234","SHP-234","Fulfilled"
"FUL-235","SO-9235","SHP-235","Fulfilled"
"FUL-236","SO-9236","SHP-236","Fulfilled"
"FUL-237","SO-9237","SHP-237","Fulfilled"
"FUL-238","SO-9238","SHP-238","Fulfilled"
"FUL-239","SO-9239","SHP-239","Fulfilled"
"FUL-240","SO-9240","SHP-240","Fulfilled"
"FUL-241","SO-9241","SHP-241","Fulfilled"
"FUL-242","SO-9242","SHP-242","Fulfilled"
"FUL-243","SO-9243","SHP-243","Fulfilled"
"FUL-244","SO-9244","SHP-244","Fulfilled"
"FUL-245","SO-9245","SHP-245","Fulfilled"
"FUL-246","SO-9246","SHP-246","Fulfilled"
"FUL-247","SO-9247","SHP-247","Fulfilled"
"FUL-248","SO-9248","SHP-248","Fulfilled"
"FUL-249","SO-9249","SHP-249","Fulfilled"
"FUL-250","SO-9250","SHP-250","Fulfilled"
"FUL-251","SO-9251","SHP-251","Fulfilled"
"FUL-252","SO-9252","SHP-252","Fulfilled"
"FUL-253","SO-9253","SHP-253","Fulfilled"
"FUL-254","SO-9254","SHP-254","Fulfilled"
"FUL-255","SO-9255","SHP-255","Fulfilled"
"FUL-256","SO-9256","SHP-256","Fulfilled"
"FUL-257","SO-9257","SHP-257","Fulfilled"
"FUL-258","SO-9258","SHP-258","Fulfilled"
"FUL-259","SO-9259","SHP-259","Fulfilled"
"FUL-260","SO-9260","SHP-260","Fulfilled"
"FUL-261","SO-9261","SHP-261","Fulfilled"
"FUL-262","SO-9262","SHP-262","Fulfilled"
"FUL-263","SO-9263","SHP-263","Fulfilled"
"FUL-264","SO-9264","SHP-264","Fulfilled"
"FUL-265","SO-9265","SHP-265","Fulfilled"
"FUL-266","SO-9266","SHP-266","Fulfilled"
"FUL-267","SO-9267","SHP-267","Fulfilled"
"FUL-268","SO-9268","SHP-268","Fulfilled"
"FUL-269","SO-9269","SHP-269","Fulfilled"
"FUL-270","SO-9270","SHP-270","Fulfilled"
"FUL-271","SO-9271","SHP-271","Fulfilled"
"FUL-272","SO-9272","SHP-272","Fulfilled"
"FUL-273","SO-9273","SHP-273","Fulfilled"
"FUL-274","SO-9274","SHP-274","Fulfilled"
"FUL-275","SO-9275","SHP-275","Fulfilled"
"FUL-276","SO-9276","SHP-276","Fulfilled"
"FUL-277","SO-9277","SHP-277","Fulfilled"
"FUL-278","SO-9278","SHP-278","Fulfilled"
"FUL-279","SO-9279","SHP-279","Fulfilled"
"FUL-280","SO-9280","SHP-280","Fulfilled"
"FUL-281","SO-9281","SHP-281","Fulfilled"
"FUL-282","SO-9282","SHP-282","Fulfilled"
"FUL-283","SO-9283","SHP-283","Fulfilled"
"FUL-284","SO-9284","SHP-284","Fulfilled"
"FUL-285","SO-9285","SHP-285","Fulfilled"
"FUL-286","SO-9286","SHP-286","Fulfilled"
"FUL-287","SO-9287","SHP-287","Fulfilled"
"FUL-288","SO-9288","SHP-288","Fulfilled"
"FUL-289","SO-9289","SHP-289","Fulfilled"
"FUL-290","SO-9290","SHP-290","Fulfilled"
"FUL-291","SO-9291","SHP-291","Fulfilled"
"FUL-292","SO-9292","SHP-292","Fulfilled"
"FUL-293","SO-9293","SHP-293","Fulfilled"
"FUL-294","SO-9294","SHP-294","Fulfilled"
"FUL-295","SO-9295","SHP-295","Fulfilled"
"FUL-296","SO-9296","SHP-296","Fulfilled"
"FUL-297","SO-9297","SHP-297","Fulfilled"
"FUL-298","SO-9298","SHP-298","Fulfilled"
"FUL-299","SO-9299","SHP-299","Fulfilled"
"FUL-300","SO-9300","SHP-300","Fulfilled"
"FUL-301","SO-9301","SHP-301","Fulfilled"
"FUL-302","SO-9302","SHP-302","Fulfilled"
"FUL-303","SO-9303","SHP-303","Fulfilled"
"FUL-304","SO-9304","SHP-304","Fulfilled"
"FUL-305","SO-9305","SHP-305","Fulfilled"
"FUL-306","SO-9306","SHP-306","Fulfilled"
"FUL-307","SO-9307","SHP-307","Fulfilled"
"FUL-308","SO-9308","SHP-308","Fulfilled"
"FUL-309","SO-9309","SHP-309","Fulfilled"
"FUL-310","SO-9310","SHP-310","Fulfilled"
"FUL-311","SO-9311","SHP-311","Fulfilled"
"FUL-312","SO-9312","SHP-312","Fulfilled"
"FUL-313","SO-9313","SHP-313","Fulfilled"
"FUL-314","SO-9314","SHP-314","Fulfilled"
"FUL-315","SO-9315","SHP-315","Fulfilled"
"FUL-316","SO-9316","SHP-316","Fulfilled"
"FUL-317","SO-9317","SHP-317","Fulfilled"
"FUL-318","SO-9318","SHP-318","Fulfilled"
"FUL-319","SO-9319","SHP-319","Fulfilled"
"FUL-320","SO-9320","SHP-320","Fulfilled"
"FUL-321","SO-9321","SHP-321","Fulfilled"
"FUL-322","SO-9322","SHP-322","Fulfilled"
"FUL-323","SO-9323","SHP-323","Fulfilled"
"FUL-324","SO-9324","SHP-324","Fulfilled"
"FUL-325","SO-9325","SHP-325","Fulfilled"
"FUL-326","SO-9326","SHP-326","Fulfilled"
"FUL-327","SO-9327","SHP-327","Fulfilled"
"FUL-328","SO-9328","SHP-328","Fulfilled"
"FUL-329","SO-9329","SHP-329","Fulfilled"
"FUL-330","SO-9330","SHP-330","Fulfilled"
"FUL-331","SO-9331","SHP-331","Fulfilled"
"FUL-332","SO-9332","SHP-332","Fulfilled"
"FUL-333","SO-9333","SHP-333","Fulfilled"
"FUL-334","SO-9334","SHP-334","Fulfilled"
"FUL-335","SO-9335","SHP-335","Fulfilled"
"FUL-336","SO-9336","SHP-336","Fulfilled"
"FUL-337","SO-9337","SHP-337","Fulfilled"
"FUL-338","SO-9338","SHP-338","Fulfilled"
"FUL-339","SO-9339","SHP-339","Fulfilled"
"FUL-340","SO-9340","SHP-340","Fulfilled"
"FUL-341","SO-9341","SHP-341","Fulfilled"
"FUL-342","SO-9342","SHP-342","Fulfilled"
"FUL-343","SO-9343","SHP-343","Fulfilled"
"FUL-344","SO-9344","SHP-344","Fulfilled"
"FUL-345","SO-9345","SHP-345","Fulfilled"
"FUL-346","SO-9346","SHP-346","Fulfilled"
"FUL-347","SO-9347","SHP-347","Fulfilled"
"FUL-348","SO-9348","SHP-348","Fulfilled"
"FUL-349","SO-9349","SHP-349","Fulfilled"
"FUL-350","SO-9350","SHP-350","Fulfilled"
"FUL-351","SO-9351","SHP-351","Fulfilled"
"FUL-352","SO-9352","SHP-352","Fulfilled"
"FUL-353","SO-9353","SHP-353","Fulfilled"
"FUL-354","SO-9354","SHP-354","Fulfilled"
"FUL-355","SO-9355","SHP-355","Fulfilled"
"FUL-356","SO-9356","SHP-356","Fulfilled"
"FUL-357","SO-9357","SHP-357","Fulfilled"
"FUL-358","SO-9358","SHP-358","Fulfilled"
"FUL-359","SO-9359","SHP-359","Fulfilled"
"FUL-360","SO-9360","SHP-360","Fulfilled"
"FUL-361","SO-9361","SHP-361","Fulfilled"
"FUL-362","SO-9362","SHP-362","Fulfilled"
"FUL-363","SO-9363","SHP-363","Fulfilled"
"FUL-364","SO-9364","SHP-364","Fulfilled"
"FUL-365","SO-9365","SHP-365","Fulfilled"
"FUL-366","SO-9366","SHP-366","Fulfilled"
"FUL-367","SO-9367","SHP-367","Fulfilled"
"FUL-368","SO-9368","SHP-368","Fulfilled"
"FUL-369","SO-9369","SHP-369","Fulfilled"
"FUL-370","SO-9370","SHP-370","Fulfilled"
"FUL-371","SO-9371","SHP-371","Fulfilled"
"FUL-372","SO-9372","SHP-372","Fulfilled"
"FUL-373","SO-9373","SHP-373","Fulfilled"
"FUL-374","SO-9374","SHP-374","Fulfilled"
"FUL-375","SO-9375","SHP-375","Fulfilled"
"FUL-376","SO-9376","SHP-376","Fulfilled"
"FUL-377","SO-9377","SHP-377","Fulfilled"
"FUL-378","SO-9378","SHP-378","Fulfilled"
"FUL-379","SO-9379","SHP-379","Fulfilled"
"FUL-380","SO-9380","SHP-380","Fulfilled"
"FUL-381","SO-9381","SHP-381","Fulfilled"
"FUL-382","SO-9382","SHP-382","Fulfilled"
"FUL-383","SO-9383","SHP-383","Fulfilled"
"FUL-384","SO-9384","SHP-384","Fulfilled"
"FUL-385","SO-9385","SHP-385","Fulfilled"
"FUL-386","SO-9386","SHP-386","Fulfilled"
"FUL-387","SO-9387","SHP-387","Fulfilled"
"FUL-388","SO-9388","SHP-388","Fulfilled"
"FUL-389","SO-9389","SHP-389","Fulfilled"
"FUL-390","SO-9390","SHP-390","Fulfilled"
"FUL-391","SO-9391","SHP-391","Fulfilled"
"FUL-392","SO-9392","SHP-392","Fulfilled"
"FUL-393","SO-9393","SHP-393","Fulfilled"
"FUL-394","SO-9394","SHP-394","Fulfilled"
"FUL-395","SO-9395","SHP-395","Fulfilled"
"FUL-396","SO-9396","SHP-396","Fulfilled"
"FUL-397","SO-9397","SHP-397","Fulfilled"
"FUL-398","SO-9398","SHP-398","Fulfilled"
"FUL-399","SO-9399","SHP-399","Fulfilled"
"FUL-400","SO-9400","SHP-400","Fulfilled"
"FUL-401","SO-9401","SHP-401","Fulfilled"
"FUL-402","SO-9402","SHP-402","Fulfilled"
"FUL-403","SO-9403","SHP-403","Fulfilled"
"FUL-404","SO-9404","SHP-404","Fulfilled"
"FUL-405","SO-9405","SHP-405","Fulfilled"
"FUL-406","SO-9406","SHP-406","Fulfilled"
"FUL-407","SO-9407","SHP-407","Fulfilled"
"FUL-408","SO-9408","SHP-408","Fulfilled"
"FUL-409","SO-9409","SHP-409","Fulfilled"
"FUL-410","SO-9410","SHP-410","Fulfilled"
"FUL-411","SO-9411","SHP-411","Fulfilled"
"FUL-412","SO-9412","SHP-412","Fulfilled"
"FUL-413","SO-9413","SHP-413","Fulfilled"
"FUL-414","SO-9414","SHP-414","Fulfilled"
"FUL-415","SO-9415","SHP-415","Fulfilled"
"FUL-416","SO-9416","SHP-416","Fulfilled"
"FUL-417","SO-9417","SHP-417","Fulfilled"
"FUL-418","SO-9418","SHP-418","Fulfilled"
"FUL-419","SO-9419","SHP-419","Fulfilled"
"FUL-420","SO-9420","SHP-420","Fulfilled"
"FUL-421","SO-9421","SHP-421","Fulfilled"
"FUL-422","SO-9422","SHP-422","Fulfilled"
"FUL-423","SO-9423","SHP-423","Fulfilled"
"FUL-424","SO-9424","SHP-424","Fulfilled"
"FUL-425","SO-9425","SHP-425","Fulfilled"
"FUL-426","SO-9426","SHP-426","Fulfilled"
"FUL-427","SO-9427","SHP-427","Fulfilled"
"FUL-428","SO-9428","SHP-428","Fulfilled"
"FUL-429","SO-9429","SHP-429","Fulfilled"
"FUL-430","SO-9430","SHP-430","Fulfilled"
"FUL-431","SO-9431","SHP-431","Fulfilled"
"FUL-432","SO-9432","SHP-432","Fulfilled"
"FUL-433","SO-9433","SHP-433","Fulfilled"
"FUL-434","SO-9434","SHP-434","Fulfilled"
"FUL-435","SO-9435","SHP-435","Fulfilled"
"FUL-436","SO-9436","SHP-436","Fulfilled"
"FUL-437","SO-9437","SHP-437","Fulfilled"
"FUL-438","SO-9438","SHP-438","Fulfilled"
"FUL-439","SO-9439","SHP-439","Fulfilled"
"FUL-440","SO-9440","SHP-440","Fulfilled"
"FUL-441","SO-9441","SHP-441","Fulfilled"
"FUL-442","SO-9442","SHP-442","Fulfilled"
"FUL-443","SO-9443","SHP-443","Fulfilled"
"FUL-444","SO-9444","SHP-444","Fulfilled"
"FUL-445","SO-9445","SHP-445","Fulfilled"
"FUL-446","SO-9446","SHP-446","Fulfilled"
"FUL-447","SO-9447","SHP-447","Fulfilled"
"FUL-448","SO-9448","SHP-448","Fulfilled"
"FUL-449","SO-9449","SHP-449","Fulfilled"
"FUL-450","SO-9450","SHP-450","Fulfilled"
"FUL-451","SO-9451","SHP-451","Fulfilled"
"FUL-452","SO-9452","SHP-452","Fulfilled"
"FUL-453","SO-9453","SHP-453","Fulfilled"
"FUL-454","SO-9454","SHP-454","Fulfilled"
"FUL-455","SO-9455","SHP-455","Fulfilled"
"FUL-456","SO-9456","SHP-456","Fulfilled"
"FUL-457","SO-9457","SHP-457","Fulfilled"
"FUL-458","SO-9458","SHP-458","Fulfilled"
"FUL-459","SO-9459","SHP-459","Fulfilled"
"FUL-460","SO-9460","SHP-460","Fulfilled"
"FUL-461","SO-9461","SHP-461","Fulfilled"
"FUL-462","SO-9462","SHP-462","Fulfilled"
"FUL-463","SO-9463","SHP-463","Fulfilled"
"FUL-464","SO-9464","SHP-464","Fulfilled"
"FUL-465","SO-9465","SHP-465","Fulfilled"
"FUL-466","SO-9466","SHP-466","Fulfilled"
"FUL-467","SO-9467","SHP-467","Fulfilled"
"FUL-468","SO-9468","SHP-468","Fulfilled"
"FUL-469","SO-9469","SHP-469","Fulfilled"
"FUL-470","SO-9470","SHP-470","Fulfilled"
"FUL-471","SO-9471","SHP-471","Fulfilled"
"FUL-472","SO-9472","SHP-472","Fulfilled"
"FUL-473","SO-9473","SHP-473","Fulfilled"
"FUL-474","SO-9474","SHP-474","Fulfilled"
"FUL-475","SO-9475","SHP-475","Fulfilled"
"FUL-476","SO-9476","SHP-476","Fulfilled"
"FUL-477","SO-9477","SHP-477","Fulfilled"
"FUL-478","SO-9478","SHP-478","Fulfilled"
"FUL-479","SO-9479","SHP-479","Fulfilled"
"FUL-480","SO-9480","SHP-480","Fulfilled"
"FUL-481","SO-9481","SHP-481","Fulfilled"
"FUL-482","SO-9482","SHP-482","Fulfilled"
"FUL-483","SO-9483","SHP-483","Fulfilled"
"FUL-484","SO-9484","SHP-484","Fulfilled"
"FUL-485","SO-9485","SHP-485","Fulfilled"
"FUL-486","SO-9486","SHP-486","Fulfilled"
"FUL-487","SO-9487","SHP-487","Fulfilled"
"FUL-488","SO-9488","SHP-488","Fulfilled"
"FUL-489","SO-9489","SHP-489","Fulfilled"
"FUL-490","SO-9490","SHP-490","Fulfilled"
"FUL-491","SO-9491","SHP-491","Fulfilled"
"FUL-492","SO-9492","SHP-492","Fulfilled"
"FUL-493","SO-9493","SHP-493","Fulfilled"
"FUL-494","SO-9494","SHP-494","Fulfilled"
"FUL-495","SO-9495","SHP-495","Fulfilled"
"FUL-496","SO-9496","SHP-496","Fulfilled"
"FUL-497","SO-9497","SHP-497","Fulfilled"
"FUL-498","SO-9498","SHP-498","Fulfilled"
"FUL-499","SO-9499","SHP-499","Fulfilled"
"FUL-500","SO-9500","SHP-500","Fulfilled"